[{"name":"example02",
  "type": "GOLANG",
  "path" :"github.com/hyperledger/fabric/examples/chaincode/go/chaincode_example02" 
  },
  {"name":"example05",
   "type": "GOLANG",
   "path" :"github.com/hyperledger/fabric/examples/chaincode/go/chaincode_example05" 
  },
  {"name":"artfun",
   "type": "GOLANG",
   "path" :"github.com/hyperledger/fabric/examples/chaincode/go/artfun" 
  },
  {"name": "concurrency",
   "type": "GOLANG",
   "path":"https://github.com/ratnakar-asara/fabric/examples/chaincode/go/chaincode_example02" 
  }
]
