{
   "PeerData" :  [
   { "name" : "PEER0", "api-host" : "172.17.0.3", "api-port" : "5000" } , 
   { "name" : "PEER1", "api-host" : "172.17.0.4", "api-port" : "5000" } , 
   { "name" : "PEER2", "api-host" : "172.17.0.5", "api-port" : "5000" } , 
   { "name" : "PEER3", "api-host" : "172.17.0.6", "api-port" : "5000" } 
   ],
   "UserData" :  [
   { "username" : "test_user0", "secret" : "MS9qrN8hFjlE" } , 
   { "username" : "test_user1", "secret" : "jGlNl6ImkuDo" } , 
   { "username" : "test_user2", "secret" : "zMflqOKezFiA" } , 
   { "username" : "test_user3", "secret" : "vWdLCE00vJy0" } 
   ],
   "PeerGrpc" :  [
   { "api-host" : "172.17.0.3", "api-port" : "30001" } , 
   { "api-host" : "172.17.0.4", "api-port" : "30003" } , 
   { "api-host" : "172.17.0.5", "api-port" : "30005" } , 
   { "api-host" : "172.17.0.6", "api-port" : "30007" } 
   ],
 "Name": "localpeer_ramesh" 
} 
