{
   "PeerData" :  [
   { "name" : "PEER0", "api-host" : "148.100.105.182", "api-port" : "5000" },
   { "name" : "PEER1", "api-host" : "148.100.105.182", "api-port" : "5000" },  
   { "name" : "PEER2", "api-host" : "148.100.105.182", "api-port" : "5000" },
   { "name" : "PEER3", "api-host" : "148.100.105.182", "api-port" : "5000" }
   ],
   "UserData" :  [
   { "username" : "test_user0", "secret" : "MS9qrN8hFjlE" },
   { "username" : "test_user0", "secret" : "MS9qrN8hFjlE" },
   { "username" : "test_user0", "secret" : "MS9qrN8hFjlE" },
   { "username" : "test_user0", "secret" : "MS9qrN8hFjlE" }
   ],
   "PeerGrpc" :  [
   { "api-host" : "172.17.0.1", "api-port" : "30303" } , 
   { "api-host" : "172.17.0.4", "api-port" : "30303" } , 
   { "api-host" : "172.17.0.5", "api-port" : "30303" } , 
   { "api-host" : "172.17.0.6", "api-port" : "30303" } 
   ],
 "Name": "localpeer_ramesh" 
} 
